"textEn","textHi","optA_En","optB_En","optC_En","optD_En","optA_Hi","optB_Hi","optC_Hi","optD_Hi","correctIndex","solutionEn","solutionHi","subject","marksPerQuestion","negativeMarks"
"The mean deviation from the median for the following data is - 34, 66, 30, 38, 44, 50, 40, 60, 42, 51 [cite: 100, 101]","दिये गये आँकडों के लिए माध्यिका से माध्य विचलन है - 34, 66, 30, 38, 44, 50, 40, 60, 42, 51 [cite: 102, 103, 104]","8.7 [cite: 113]","8.8 [cite: 115]","8.9 [cite: 114]","9.0 [cite: 116]","8.7 [cite: 113]","8.8 [cite: 115]","8.9 [cite: 114]","9.0 [cite: 116]","0","Median is 43. Mean deviation = 87 / 10 = 8.7.","माध्यिका 43 है। माध्य विचलन = 87 / 10 = 8.7.","Maths","1","0.33"
"The diameter of a circle is 105 cm less than its circumference. The radius of the circle is - [cite: 105, 106]","एक वृत्त का व्यास उसकी परिधि से 105 सेमी कम है, तो वृत्त की त्रिज्या है - [cite: 111, 112, 133]","22 cm [cite: 107]","23 cm [cite: 108]","24 cm [cite: 110]","24.5 cm [cite: 109]","22 सेमी [cite: 131]","23 सेमी [cite: 134]","24 सेमी [cite: 132]","24.5 सेमी [cite: 135]","3","2πr - 2r = 105 => 2r(22/7 - 1) = 105 => r = 24.5.","2πr - 2r = 105 => 2r(22/7 - 1) = 105 => r = 24.5.","Maths","1","0.33"
"The mean and median of a frequency distribution are 52 and 55 respectively. What is the mode of the distribution ? [cite: 117, 118]","किसी आवृत्ति आबंटन में माध्य तथा माध्यिका क्रमशः 52 तथा 55 हैं, तो आबंटन का बहुलक क्या है ? [cite: 118]","61 [cite: 119]","53.5 [cite: 121]","53 [cite: 120]","54 [cite: 121]","61 [cite: 119]","53.5 [cite: 121]","53 [cite: 120]","54 [cite: 121]","0","Mode = 3*Median - 2*Mean = 3(55) - 2(52) = 61.","बहुलक = 3*माध्यिका - 2*माध्य = 3(55) - 2(52) = 61.","Maths","1","0.33"
"Two identical cubes each of volume 64 cm³ are joined together end to end to form a cuboid, the total surface area of the cuboid is - [cite: 122, 123]","दो समान घन जिसके प्रत्येक का आयतन 64 सेमी³ है के छोरों को जोड़कर एक घनाभ बनाया जाता है, तो घनाभ का कुल पृष्ठीय क्षेत्रफल है - [cite: 153, 155, 156]","80 cm² [cite: 124, 125]","160 cm² [cite: 127, 128]","320 cm² [cite: 126]","640 cm² [cite: 129]","80 सेमी² [cite: 160]","160 सेमी² [cite: 161]","320 सेमी² [cite: 162]","640 सेमी² [cite: 163]","1","Side a = 4. Cuboid dimensions: 8x4x4. Total Surface Area = 2(32+16+32) = 160.","भुजा a = 4. घनाभ के आयाम: 8x4x4. कुल पृष्ठीय क्षेत्रफल = 2(32+16+32) = 160.","Maths","1","0.33"
"An observer 1.5 m tall is 20.5 m away from a tower 22 m high. The angle of elevation of the top of the tower from the eye of the observer is - [cite: 136, 137]","1.5 मी लम्बा प्रेक्षक 22 मी ऊँचे टॉवर से 20.5 मी दूर है । प्रेक्षक की आँखों से टॉवर के शीर्ष का उन्नयन कोण है - [cite: 138, 139, 140]","30° [cite: 141, 142]","45° [cite: 146, 147]","60° [cite: 143]","75° [cite: 148, 149]","30° [cite: 141, 142]","45° [cite: 146, 147]","60° [cite: 143]","75° [cite: 148, 149]","1","Height difference = 22 - 1.5 = 20.5. Base = 20.5. tan(θ) = 1 => θ = 45°.","ऊंचाई का अंतर = 22 - 1.5 = 20.5. आधार = 20.5. tan(θ) = 1 => θ = 45°.","Maths","1","0.33"
"The value 50° in radians is - [cite: 150]","50° का रेडियन में मान है - [cite: 151]","50π [cite: 152]","5π [cite: 154]","5π/9 [cite: 157, 158]","5π/18 [cite: 159]","50π [cite: 152]","5π [cite: 154]","5π/9 [cite: 157, 158]","5π/18 [cite: 159]","3","50° * (π / 180) = 5π/18.","50° * (π / 180) = 5π/18.","Maths","1","0.33"
"The total surface area of a cube is 1014 square meter. What is the length of its side? [cite: 172]","एक घन का सम्पूर्ण पृष्ठीय क्षेत्रफल 1014 वर्ग मीटर है। घन की भुजा की लम्बाई क्या है ? [cite: 169, 170, 171]","6 m [cite: 173]","169 m [cite: 166]","13 m [cite: 167]","11 m [cite: 168]","6 मी [cite: 183]","169 मी [cite: 184]","13 मी [cite: 187]","11 मी [cite: 188]","2","6a² = 1014 => a² = 169 => a = 13.","6a² = 1014 => a² = 169 => a = 13.","Maths","1","0.33"
"The ratio of curved surface area of two spheres is 4:9. What is the ratio of their volumes? [cite: 175, 179]","दो गोलों के वक्र पृष्ठीय क्षेत्रफल का अनुपात 4:9 है। उनके आयतनों का अनुपात क्या है ? [cite: 177, 178, 180, 181]","9:4 [cite: 185]","8:9 [cite: 186]","8:27 [cite: 189]","27:8 [cite: 190]","9:4 [cite: 185]","8:9 [cite: 186]","8:27 [cite: 189]","27:8 [cite: 190]","2","Area ratio = 4/9 => Radius ratio = 2/3. Volume ratio = (2/3)³ = 8:27.","क्षेत्रफल अनुपात = 4/9 => त्रिज्या अनुपात = 2/3. आयतन अनुपात = (2/3)³ = 8:27.","Maths","1","0.33"
"A cylinder has base radius 7 cm and height 10 cm. What is the volume of a cylinder? [cite: 198, 199]","एक बेलन के आधार की त्रिज्या 7 सेमी तथा ऊँचाई 10 सेमी है। बेलन का आयतन क्या है ? [cite: 204]","1540 cm³ [cite: 200]","770 cm³ [cite: 202, 203]","770π cm³ [cite: 201]","1500 cm³ [cite: 202]","1540 सेमी³ [cite: 205]","770 सेमी³ [cite: 205]","770π सेमी³ [cite: 206]","1500 सेमी³ [cite: 207]","0","Volume = πr²h = (22/7) * 7² * 10 = 1540 cm³.","आयतन = πr²h = (22/7) * 7² * 10 = 1540 सेमी³.","Maths","1","0.33"
"The radius and the height of a cone are in the ratio 1:3 and its volume is 1078 cm³, then its diameter is - [cite: 208]","एक शंकु की त्रिज्या एवं ऊँचाई का अनुपात 1:3 तथा इसका आयतन 1078 सेमी³ है, तब इसका व्यास है - [cite: 213, 214, 215]","3.5 cm [cite: 210]","7 cm [cite: 212]","14 cm [cite: 211]","21 cm [cite: 212]","3.5 सेमी [cite: 216]","7 सेमी [cite: 218]","14 सेमी [cite: 217]","21 सेमी [cite: 218]","2","Volume = (1/3)πr²h. Let r=x, h=3x. (1/3)(22/7)x²(3x) = 1078 => x=7. Diameter = 14 cm.","आयतन = (1/3)πr²h. माना r=x, h=3x. (1/3)(22/7)x²(3x) = 1078 => x=7. व्यास = 14 सेमी.","Maths","1","0.33"
"If a=1 and b=1 is a solution of the equation 5a+p=17b, then the value of p is -","यदि a=1 और b=1, समीकरण 5a+p=17b का एक हल है, तब p का मान है -","5","7","11","12","5","7","11","12","3","Put a=1, b=1: 5(1) + p = 17(1) => 5 + p = 17 => p = 12. [cite: 219, 220, 221, 222]","a=1, b=1 रखने पर: 5(1) + p = 17(1) => 5 + p = 17 => p = 12.","Maths","1","0.33"
"Solution of the equation (4+a)(5-a)/(2+a)(7-a) = 1 is -","समीकरण (4+a)(5-a)/(2+a)(7-a) = 1 का हल है -","a=2/3","a=-2/3","a=3/2","a=-3/2","a=2/3","a=-2/3","a=3/2","a=-3/2","2","Cross multiply: (4+a)(5-a) = (2+a)(7-a) => 20+a-a² = 14+5a-a² => 4a = 6 => a = 3/2. [cite: 227, 228, 229, 231]","क्रॉस गुणा करें: (4+a)(5-a) = (2+a)(7-a) => 20+a-a² = 14+5a-a² => 4a = 6 => a = 3/2.","Maths","1","0.33"
"Base of a hemisphere, a cylinder and a cone is equal and also the heights are same. The ratio of their volumes is -","एक अर्द्ध गोला, एक बेलन तथा एक शंकु के आधार बराबर तथा ऊँचाई भी बराबर हैं। इनके आयतनों का अनुपात है -","1:2:3","3:2:1","2:3:1","2:1:3","1:2:3","3:2:1","2:3:1","2:1:3","2","Radius=r, Height=r. Ratio = (2/3)πr³ : πr³ : (1/3)πr³ = 2/3 : 1 : 1/3 = 2:3:1. [cite: 238, 239, 240, 241]","त्रिज्या=r, ऊंचाई=r. अनुपात = (2/3)πr³ : πr³ : (1/3)πr³ = 2/3 : 1 : 1/3 = 2:3:1.","Maths","1","0.33"
"A metallic sphere of radius 2.1 cm is melted and reset into sphere ball of half radius of origin sphere. How many such spherical balls can be made?","एक धातु का गोला 2.1 सेमी त्रिज्या का है जिसे पिघलाकर उससे आधी त्रिज्या की गोलाकार गेंद बनाते हैं। ऐसी कितनी गोलाकार गेंदे बना सकते हैं?","2","4","6","8","2","4","6","8","3","Volume ratio = (R / (R/2))³ = 2³ = 8. [cite: 242, 243, 244, 246]","आयतन अनुपात = (R / (R/2))³ = 2³ = 8.","Maths","1","0.33"
"The square root of 3025 is -","3025 का वर्गमूल है -","35","45","55","65","35","45","55","65","2","√3025 = 55. (Since 50²=2500 and 60²=3600). [cite: 249, 250]","√3025 = 55. (चूंकि 50²=2500 और 60²=3600).","Maths","1","0.33"
"Water in a canal, 6m wide and 1.5m deep, is flowing with a speed of 10 km/h. If 8 cm of standing water is needed, then how much area will it irrigate in 30 minutes?","एक 6 मी चौड़ी और 1.5 मी गहरी नहर में पानी 10 km/h की गति से बह रहा है। यदि 8 सेमी भरा हुआ पानी चाहिए तो ये 30 मिनट में कितने क्षेत्रफल की सिंचाई करेगी ?","56.25 hectares","91.47 hectares","80.76 hectares","76.56 hectares","56.25 हेक्टेयर","91.47 हेक्टेयर","80.76 हेक्टेयर","76.56 हेक्टेयर","0","Vol in 30m = 6 * 1.5 * 5000 = 45000m³. Area = 45000 / 0.08 = 562500 m² = 56.25 ha. [cite: 256, 258, 259, 260]","30 मिनट में आयतन = 6 * 1.5 * 5000 = 45000m³. क्षेत्रफल = 45000 / 0.08 = 562500 m² = 56.25 हेक्टेयर.","Maths","1","0.33"
"(4x^2 + 4x - 3) = ?","(4x^2 + 4x - 3) = ?","(2x-1)(2x-3)","(2x+3)(2x-1)","(2x+1)(2x-3)","(2x+1)(2x+3)","(2x-1)(2x-3)","(2x+3)(2x-1)","(2x+1)(2x-3)","(2x+1)(2x+3)","1","Factorizing: 4x² + 6x - 2x - 3 = 2x(2x+3) - 1(2x+3) = (2x-1)(2x+3). [cite: 271, 273]","गुणनखंड: 4x² + 6x - 2x - 3 = 2x(2x+3) - 1(2x+3) = (2x-1)(2x+3).","Maths","1","0.33"
"The cube root of 2197 is -","2197 का घनमूल है -","23","17","19","13","23","17","19","13","3","13 * 13 * 13 = 2197. [cite: 276, 277]","13 * 13 * 13 = 2197.","Maths","1","0.33"
"What is the percentage increase in export from the lowest to the highest for the given years ?","दिये गये वर्षों में न्यूनतम निर्यात से अधिकतम निर्यात में कितने प्रतिशत की वृद्धि हुई है ?","200%","250%","300%","400%","200%","250%","300%","400%","2","Lowest is 200, highest is 800. Increase = (800-200)/200 * 100 = 300%. [cite: 322, 324, 330, 332]","न्यूनतम 200 है, अधिकतम 800 है। वृद्धि = (800-200)/200 * 100 = 300%.","Maths","1","0.33"
"The perimeter of a certain sector of a circle is equal to the length of the arc of a semicircle having the same radius, then the angle of the sector in degree is -","एक वृत्त के निश्चित त्रिज्यखण्ड का परिमाप, समान त्रिज्या के अर्द्धवृत्त के चाप की लम्बाई के बराबर है, तो त्रिज्यखण्ड का कोण डिग्री में है -","65°27'16''","65°45'45''","65°5'11''","65°45'5''","65°27'16''","65°45'45''","65°5'11''","65°45'5''","0","2r + rθ = πr => θ = π - 2 rad = 65°27'16''. [cite: 301, 303, 306]","2r + rθ = πr => θ = π - 2 रेडियन = 65°27'16''.","Maths","1","0.33"
"The three vertices of a parallelogram taken in order are (0, 1), (2, 3) and (4, 3) respectively, then the coordinates of the fourth vertex is -","किसी समान्तर चतुर्भुज के क्रमवार तीन शीर्ष क्रमशः (0, 1), (2, 3) तथा (4, 3) हैं, तब चौथे शीर्ष के निर्देशांक हैं -","(2, 1)","(1, 2)","(-2, 1)","(-2,-1)","(2, 1)","(1, 2)","(-2, 1)","(-2,-1)","0","Midpoint of diagonals are equal: (0+4)/2 = (2+x)/2 => x=2, and (1+3)/2 = (3+y)/2 => y=1. [cite: 310, 311, 312]","विकर्णों के मध्य बिंदु समान होते हैं: (0+4)/2 = (2+x)/2 => x=2, और (1+3)/2 = (3+y)/2 => y=1.","Maths","1","0.33"
"What would be the printed price of a wall-clock purchased at 380, so that after giving 5% discount, there is 25% profit ?","एक दीवार घड़ी का अंकित मूल्य क्या होगा यदि उसका क्रय मूल्य ₹ 380 है एवं 5% छूट देने के बाद 25% लाभ हो ?","₹400","₹450","₹500","₹600","₹400","₹450","₹500","₹600","2","SP = 380 * 1.25 = 475. MP * 0.95 = 475 => MP = 500. [cite: 316, 317, 318, 319, 323, 325]","विक्रय मूल्य = 380 * 1.25 = 475. अंकित मूल्य * 0.95 = 475 => अंकित मूल्य = 500.","Maths","1","0.33"
"If birth rate and death rate of a city is 10% each, what will be the approximate population of the city after 2 years, if current population is 3000 ?","यदि एक शहर की जन्म दर तथा मृत्यु दर प्रत्येक 10% है। 2 वर्ष के बाद शहर की लगभग जनसंख्या क्या होगी यदि वर्तमान जनसंख्या 3000 है ?","2940","3060","3630","3000","2940","3060","3630","3000","3","Net growth rate is 0%, hence population remains unchanged at 3000. [cite: 329, 331, 333, 335, 337, 339, 341]","शुद्ध वृद्धि दर 0% है, इसलिए जनसंख्या 3000 पर अपरिवर्तित रहती है।","Maths","1","0.33"
"Area of piece of a canvas is 1105 m². A conical tent is to be made by canvas with base area 616 m². Assuming that all the stiching margins and the wastage incurred while cutting, amounts to approximately 5 m² then the height of the tent is -","एक केनवास के टुकड़े का क्षेत्रफल 1105 मी² है। इस केनवास से शंकु के आकार का तंबू बनाना है जिसके आधार का क्षेत्रफल 616 मी² है। यह मानते हुये कि सिलाई और कटाई में लगभग 5 मी² केनवास नष्ट हुआ होगा। तंबू की ऊँचाई है -","20.71 m","24 m","18.20 m","21 m","20.71 मी","24 मी","18.20 मी","21 मी","0","Used area = 1100. πr²=616 => r=14. πrl=1100 => l=25. h=√(25²-14²) = √429 = 20.71m. [cite: 351, 352, 353, 356, 357, 358]","प्रयुक्त क्षेत्रफल = 1100. πr²=616 => r=14. πrl=1100 => l=25. h=√(25²-14²) = √429 = 20.71m.","Maths","1","0.33"
"If P(t) is a polynomial of degree n>=1 and (t-2) is a factor of P(t), then P(2) is -","यदि P(t), n>=1 घात का बहुपद है तथा (t-2), P(t) का एक गुणनखण्ड है, तब P(2) है -","0","(t-2)","2","Can not be determined","0","(t-2)","2","ज्ञात नहीं किया जा सकता","0","By remainder theorem, if (t-2) is a factor, then P(2) = 0. [cite: 360, 371, 372, 383, 384]","शेषफल प्रमेय द्वारा, यदि (t-2) एक गुणनखंड है, तो P(2) = 0.","Maths","1","0.33"
"The value of (250047)^(1/3) - (13824)^(1/3) is -","(250047)^(1/3) - (13824)^(1/3) का मान है -","23","29","33","39","23","29","33","39","3","Cube root of 250047 is 63. Cube root of 13824 is 24. 63 - 24 = 39. [cite: 389, 393, 394]","250047 का घनमूल 63 है। 13824 का घनमूल 24 है। 63 - 24 = 39.","Maths","1","0.33"
"The area of a circular ring enclosed between two concentric circles is 286 cm². What are the radii of the two circles if their difference is 7 cm?","दो संकेन्द्रिय वृत्तों के मध्य परिबद्ध एक वृत्ताकार वलय का क्षेत्रफल 286 सेमी² है। दोनों वृत्तों की त्रिज्याएँ क्या हैं यदि उनका अंतर 7 सेमी है ?","14 cm, 7 cm","10 cm, 3 cm","12 cm, 5 cm","13 cm, 6 cm","14 सेमी, 7 सेमी","10 सेमी, 3 सेमी","12 सेमी, 5 सेमी","13 सेमी, 6 सेमी","1","π(R²-r²) = 286 => (22/7)*7*(R+r) = 286 => R+r = 13. R-r = 7. Hence R=10, r=3. [cite: 361, 362, 363]","π(R²-r²) = 286 => (22/7)*7*(R+r) = 286 => R+r = 13. R-r = 7. अतः R=10, r=3.","Maths","1","0.33"
"Area of the smallest square that can circumscribe a circle of area 616 cm² is -","उस छोटे से छोटे वर्ग का क्षेत्रफल क्या होगा जो 616 वर्ग सेमी क्षेत्रफल वाले वृत्त को पूर्णतया घेरता है ?","784 cm²","824 cm²","864 cm²","764 cm²","784 सेमी²","824 सेमी²","864 सेमी²","764 सेमी²","0","Circle area = 616 => r=14. Diameter = 28 = Side of square. Area = 28² = 784 cm². [cite: 365, 370, 374]","वृत्त का क्षेत्रफल = 616 => r=14. व्यास = 28 = वर्ग की भुजा। क्षेत्रफल = 28² = 784 सेमी².","Maths","1","0.33"
"Out of 20,000 Narendra gives some amount on loan at simple interest rate 8% per annum and rest amount at simple interest rate 4/3% per annum. At the end of year he earns 800. The amount given at 8% rate will be -","नरेन्द्र ₹20,000 में से कुछ राशि 8% की साधारण वार्षिक ब्याज दर पर और शेष राशि 4/3% की साधारण वार्षिक ब्याज दर पर उधार देता है। वर्ष के अन्त में उसे ₹ 800 की आय अर्जित होती है। 8% ब्याज दर पर उधार दी गयी राशि होगी -","8,000","6,000","10,000","12,000","8,000","6,000","10,000","12,000","0","0.08x + (4/300)(20000-x) = 800 => 24x + 80000 - 4x = 240000 => 20x = 160000 => x = 8000. [cite: 397, 401, 402, 405]","0.08x + (4/300)(20000-x) = 800 => 24x + 80000 - 4x = 240000 => 20x = 160000 => x = 8000.","Maths","1","0.33"
"Tonu invested 10% more than the investment of Monu and Sonu invested 10% less than the investment of Monu. If the total investment of all the three persons is 60,000, the investment of Monu is -","टोनू, मोनू से 10% ज्यादा निवेश करता है तथा सोनू, मोनू से 10% कम निवेश करता है। यदि तीनों व्यक्तियों का कुल निवेश ₹ 60,000 है, मोनू का निवेश है -","10,000","20,000","30,000","40,000","10,000","20,000","30,000","40,000","1","Let Monu = 100x. Tonu=110x, Sonu=90x. Total = 300x = 60000 => x = 200. Monu = 20000. [cite: 422, 424, 425, 426]","माना मोनू = 100x. टोनू=110x, सोनू=90x. कुल = 300x = 60000 => x = 200. मोनू = 20000.","Maths","1","0.33"
"How many cubes of 25 cm edge can be put in a cubical box of 1 m edge?","1 मी किनारे वाले घनाकार डिब्बे में, 25 सेमी किनारे वाले कितने घन रखे जा सकते हैं?","4","16","32","64","4","16","32","64","3","Volume of box = 100x100x100 cm³. Volume of one cube = 25x25x25 cm³. Number of cubes = (100/25)³ = 4³ = 64.","डिब्बे का आयतन = 100x100x100 सेमी³। एक घन का आयतन = 25x25x25 सेमी³। घनों की संख्या = (100/25)³ = 4³ = 64.","Maths","1","0.33"
"If point A (x, y) is equidistant from the point B (3, 4) and C (-2, 0) then-","यदि बिन्दु A (x, y), बिन्दु B (3,4) तथा C (-2, 0) से समान दूरी पर है तब-","4x-8y=16","4x-13=y","10x+8y=21","10x+8y=16","4x-8y=16","4x-13=y","10x+8y=21","10x+8y=16","2","Distance AB² = Distance AC² => (x-3)²+(y-4)² = (x+2)²+(y-0)² => x²-6x+9+y²-8y+16 = x²+4x+4+y² => -10x-8y+21 = 0 => 10x+8y=21.","दूरी AB² = दूरी AC² => (x-3)²+(y-4)² = (x+2)²+(y-0)² => x²-6x+9+y²-8y+16 = x²+4x+4+y² => -10x-8y+21 = 0 => 10x+8y=21.","Maths","1","0.33"
"The value of (423801)^(1/2) + (22801)^(1/2) is -","(423801)^(1/2) + (22801)^(1/2) का मान है -","902","912","802","812","902","912","802","812","2","Square root of 423801 is 651. Square root of 22801 is 151. Sum = 651 + 151 = 802.","423801 का वर्गमूल 651 है। 22801 का वर्गमूल 151 है। योग = 651 + 151 = 802.","Maths","1","0.33"
"If A, B, C are the angles of a triangle, then the value of (tan(B+C)+tan(C+A)+tan(A+B)) / (tan(π-A)+tan(π-B)+tan(π-C)) is equal to -","यदि A, B, C किसी त्रिभुज के कोण हैं, तब (tan(B+C)+tan(C+A)+tan(A+B)) / (tan(π-A)+tan(π-B)+tan(π-C)) का मान बराबर है-","0","1","π/2","tan(A+B+C)","0","1","π/2","tan(A+B+C)","1","In a triangle, A+B+C=π. So tan(B+C) = tan(π-A) = -tan(A). The numerator becomes -(tanA+tanB+tanC). Denominator is also -(tanA+tanB+tanC). Ratio is 1.","एक त्रिभुज में, A+B+C=π. अतः tan(B+C) = tan(π-A) = -tan(A). अंश -(tanA+tanB+tanC) बन जाता है। हर भी -(tanA+tanB+tanC) है। अनुपात 1 है।","Maths","1","0.33"
"In the adjoining figure, angle ADE = angle B, AE = 8 cm, EB = 7 cm, BC = 9 cm, AD = 10 cm and DC = 2 cm, then the length DE is -","संलग्न चित्र में कोण ADE = कोण B, AE = 8 सेमी, EB = 7 सेमी, BC = 9 सेमी, AD = 10 सेमी तथा DC = 2 सेमी, तब DE की लम्बाई है -","2.1 cm","6 cm","6.75 cm","7.8 cm","2.1 सेमी","6 सेमी","6.75 सेमी","7.8 सेमी","1","Triangle ADE is similar to Triangle ABC. Ratio: AD/AB = DE/BC => 10/15 = DE/9 => DE = 6 cm.","त्रिभुज ADE और त्रिभुज ABC समरूप हैं। अनुपात: AD/AB = DE/BC => 10/15 = DE/9 => DE = 6 सेमी.","Maths","1","0.33"
"Two parallel lines AB and CD are intersected by a transversal EF at M and N respectively. The lines MP and NP are the bisectors of interior angles BMN and DNM on the same side of the transversal. Then angle MPN is equal to:","एक तिर्यक रेखा EF, दो समान्तर रेखाओं AB तथा CD को क्रमशः M तथा N पर काटती है। रेखाएँ MP तथा NP, तिर्यक रेखा के एक ही ओर स्थित आन्तरिक कोणों BMN तथा DNM के अर्धक हैं। तो कोण MPN का मान है -","45°","60°","90°","120°","45°","60°","90°","120°","2","Interior angles on the same side add up to 180°. Their bisectors form a triangle where the sum of two angles is 90°. The third angle MPN = 180° - 90° = 90°.","एक ही ओर के आंतरिक कोणों का योग 180° होता है। उनके अर्धक एक त्रिभुज बनाते हैं जहां दो कोणों का योग 90° होता है। तीसरा कोण MPN = 180° - 90° = 90°.","Maths","1","0.33"
"A passenger train takes 2 hours less for a journey of 300 km if its speed is increased by 5 km/hr from its usual speed. The usual speed of train is -","300 किमी दूरी तय करने में एक यात्री रेलगाड़ी 2 घंटे कम समय लेती है यदि उसकी गति सामान्य गति से 5 किमी/घं. बढ़ा दी जाये। रेलगाड़ी की सामान्य गति है -","25 km/hr","30 km/hr","15 km/hr","20 km/hr","25 किमी/घं.","30 किमी/घं.","15 किमी/घं.","20 किमी/घं.","0","300/v - 300/(v+5) = 2. Solving this gives v² + 5v - 750 = 0. So v = 25 km/hr.","300/v - 300/(v+5) = 2. इसे हल करने पर v² + 5v - 750 = 0 प्राप्त होता है। अतः v = 25 किमी/घं.","Maths","1","0.33"
"Which of the following is an equation ?","निम्न में से कौन एक समीकरण है ?","x=0","x+2>=0","9-5=4","(x+y)²=x²+2xy+y²","x=0","x+2>=0","9-5=4","(x+y)²=x²+2xy+y²","0","An equation represents equality containing variables. x=0 is an equation.","एक समीकरण चर (variables) वाली समानता को दर्शाता है। x=0 एक समीकरण है।","Maths","1","0.33"
"The average salary of a group of unskilled workers is 10,000 and that of a group of skilled workers is 15,000. If the combined average salary is 12,000, then the percentage of skilled workers is -","अकुशल श्रमिकों के एक समूह का औसत वेतन ₹ 10,000 है तथा कुशल श्रमिकों के समूह का वेतन ₹ 15,000 है। यदि उन समूहों का संयुक्त औसत वेतन ₹ 12,000 हो, तो कुशल श्रमिकों का प्रतिशत है -","30%","40%","50%","60%","30%","40%","50%","60%","1","By the rule of alligation, ratio of unskilled to skilled = (15000-12000) : (12000-10000) = 3:2. Percentage of skilled = 2/5 * 100 = 40%.","मिश्रण (Alligation) के नियम से, अकुशल और कुशल का अनुपात = (15000-12000) : (12000-10000) = 3:2. कुशल का प्रतिशत = 2/5 * 100 = 40%.","Maths","1","0.33"
"If log10 2 = 0.3010, the value of log5 1024 is -","यदि log10 2 = 0.3010 तब log5 1024 का मान है -","4.306","3.010","6.931","1.386","4.306","3.010","6.931","1.386","0","log5(1024) = 10 * log5(2) = 10 * (log10(2) / log10(5)) = 10 * (0.3010 / (1-0.3010)) = 3.01 / 0.699 = 4.306.","log5(1024) = 10 * log5(2) = 10 * (log10(2) / log10(5)) = 10 * (0.3010 / (1-0.3010)) = 3.01 / 0.699 = 4.306.","Maths","1","0.33"
"A right angle triangle has height 12 cm and base 4 cm. The area of triangle is:","एक समकोण त्रिभुज की ऊँचाई 12 सेमी तथा आधार 4 सेमी है । त्रिभुज का क्षेत्रफल है :","12 sq. cm","48 sq. cm","24 sq. cm","32 sq. cm","12 वर्ग सेमी","48 वर्ग सेमी","24 वर्ग सेमी","32 वर्ग सेमी","2","Area = 1/2 * base * height = 1/2 * 4 * 12 = 24 sq. cm.","क्षेत्रफल = 1/2 * आधार * ऊँचाई = 1/2 * 4 * 12 = 24 वर्ग सेमी।","Maths","1","0.33"
"In which ratio the point (-3, p) divides the line segment joining the points (-5, -4) and (-2, 3) ?","बिंदु (-3, p) किस अनुपात में बिंदुओं (-5, -4) तथा (-2, 3) को मिलाने वाले रेखाखण्ड को विभाजित करता है ?","2:3","3:2","2:1","1:2","2:3","3:2","2:1","1:2","2","Using section formula for x-coordinate: -3 = (-2m - 5n) / (m + n) => -3m - 3n = -2m - 5n => m/n = 2/1.","x-निर्देशांक के लिए विभाजन सूत्र का उपयोग: -3 = (-2m - 5n) / (m + n) => -3m - 3n = -2m - 5n => m/n = 2/1.","Maths","1","0.33"
"100g is what percent of 1 kg?","100 ग्राम, 1 किग्रा का कितना प्रतिशत है ?","1%","10%","100%","1000%","1%","10%","100%","1000%","1","1 kg = 1000g. Percentage = (100 / 1000) * 100% = 10%.","1 किग्रा = 1000 ग्राम. प्रतिशत = (100 / 1000) * 100% = 10%.","Maths","1","0.33"
"Two numbers are in the ratio 6: 7. If 4 is added to each of the numbers, the ratio becomes 13:15, then the smaller number is-","दो संख्याओं का अनुपात 6:7 है। यदि प्रत्येक संख्या में 4 जोड़ा जाता है तो अनुपात 13:15 हो जाता है, तब छोटी संख्या है -","36","48","56","60","36","48","56","60","1","Let numbers be 6x and 7x. (6x+4)/(7x+4) = 13/15 => 90x+60 = 91x+52 => x=8. Smaller number = 6*8 = 48.","माना संख्याएं 6x और 7x हैं। (6x+4)/(7x+4) = 13/15 => 90x+60 = 91x+52 => x=8. छोटी संख्या = 6*8 = 48.","Maths","1","0.33"
"The angle which is four times its complement is -","वह कोण, जो अपने पूरक कोण का चार गुना है -","60°","68°","72°","75°","60°","68°","72°","75°","2","Let angle be x. x = 4(90 - x) => 5x = 360 => x = 72°.","माना कोण x है। x = 4(90 - x) => 5x = 360 => x = 72°.","Maths","1","0.33"
"A shopkeeper offers his customers 10% discount and still makes a profit of 26%. What is the actual cost price to the shopkeeper of an article marked 280?","एक दुकानदार अपने ग्राहकों को 10% छूट का प्रस्ताव देता है फिर भी 26% लाभ अर्जित करता है। ₹ 280 अंकित मूल्य की वस्तु का दुकानदार के लिए वास्तविक क्रय मूल्य क्या है ?","186.48","200","207.2","252","186.48","200","207.2","252","1","SP = 280 * 0.90 = 252. CP = SP / 1.26 = 252 / 1.26 = 200.","विक्रय मूल्य (SP) = 280 * 0.90 = 252. क्रय मूल्य (CP) = SP / 1.26 = 252 / 1.26 = 200.","Maths","1","0.33"
"The distance between the points P (2, -3) and Q (3, 2) is -","बिन्दु P (2,-3) तथा Q (3,2) के मध्य की दूरी है -","√2 Units","5√2 Units","2√2 Units","3√2 Units","√2 इकाई","5√2 इकाई","2√2 इकाई","3√2 इकाई","0","Using Distance Formula: d = √((3-2)² + (2 - (-3))²) = √(1 + 25) = √26. Note: Options might have a typo for coordinates in original paper, correct mathematical value is √26.","दूरी सूत्र का उपयोग: d = √((3-2)² + (2 - (-3))²) = √(1 + 25) = √26. ध्यान दें: मूल पेपर में निर्देशांक में टाइपो हो सकता है, सही गणितीय मान √26 है।","Maths","1","0.33"
"In which quadrant both abscissa and ordinate are negative ?","किस चतुर्थांश में भुज तथा कोटी दोनों ऋणात्मक होते हैं ?","First","Second","Third","Fourth","प्रथम","द्वितीय","तृतीय","चतुर्थ","2","In the third quadrant, both x (abscissa) and y (ordinate) coordinates are negative (-x, -y).","तीसरे चतुर्थांश में x (भुज) और y (कोटि) दोनों निर्देशांक ऋणात्मक (-x, -y) होते हैं।","Maths","1","0.33"
"The compound interest on 10 lakh at 8% per annum is 2,59,712. When interest is compounded yearly then the time period is -","₹ 10 लाख का 8% वार्षिक की दर से चक्रवृद्धि व्याज ₹ 2,59,712 है। जब ब्याज वार्षिक देय हो तब समयावधि है -","2 years","3 years","4 years","5 years","2 वर्ष","3 वर्ष","4 वर्ष","5 वर्ष","1","Amount = 1000000 + 259712 = 1259712. 1259712/1000000 = (1 + 8/100)^n => 1.259712 = (1.08)^n => n = 3 years.","कुल राशि = 1000000 + 259712 = 1259712. 1259712/1000000 = (1 + 8/100)^n => 1.259712 = (1.08)^n => n = 3 वर्ष।","Maths","1","0.33"
"If the selling price of 20 articles is the same as the cost price of 23 articles, then the profit percent is -","यदि 20 वस्तुओं का विक्रय मूल्य 23 वस्तुओं के क्रय मूल्य के समान है, तब लाभ प्रतिशत है -","10%","11.5%","15%","30%","10%","11.5%","15%","30%","2","20 SP = 23 CP => SP/CP = 23/20. Profit = (3/20)*100 = 15%.","20 SP = 23 CP => SP/CP = 23/20. लाभ = (3/20)*100 = 15%.","Maths","1","0.33"
"Which of the following is not a rabi crop?","निम्न में से कौनसी रबी की फसल नहीं है ?","Rice","Wheat","Barley","Masoor","चावल","गेहूँ","जौ","मसूर","0","Rice is a Kharif crop, sown in the monsoon season.","चावल एक खरीफ फसल है, जिसे मानसून के मौसम में बोया जाता है।","Rajasthan GK","1","0.33"
"Which of the following is not an agro-based industry?","निम्न में से कौनसा कृषि आधारित उद्योग नहीं है?","Edible oil","Khandsari","Papar Bhujia","Cement","खाद्य तेल","खाण्डसारी","पापड़ भुजिया","सीमेण्ट","3","Cement is a mineral-based industry, not agro-based.","सीमेंट एक खनिज आधारित उद्योग है, कृषि आधारित नहीं।","Rajasthan GK","1","0.33"
"As per recommendations of Fifth State Finance Commission of Rajasthan, distribution of the allocated resources for local bodies, is to be made in the ratio of -","राजस्थान के पाँचवें राज्य वित्त आयोग की सिफारिशों के अनुसार स्थानीय निकायों को आवंटित संसाधनों का वितरण अनुपात है -","75.10% to rural bodies and 24.90% to urban bodies","70% to rural bodies and 30% to urban bodies","40% to rural bodies and 60% to urban bodies","50:50 to both rural and urban bodies","75.10% ग्रामीण निकायों को और 24.90% शहरी निकायों को","70% ग्रामीण निकायों को एवं 30% शहरी निकायों को","40% ग्रामीण निकायों को एवं 60% शहरी निकायों को","50:50 दोनों ग्रामीण एवं शहरी निकायों के लिए","0","The 5th SFC recommended 75.10% for PRIs and 24.90% for ULBs.","5वें राज्य वित्त आयोग ने पंचायती राज संस्थाओं के लिए 75.10% और शहरी स्थानीय निकायों के लिए 24.90% की सिफारिश की।","Rajasthan GK","1","0.33"
"Which Article of the Constitution deals with powers, authorities and responsibilities of Panchayats ?","संविधान का कौनसा अनुच्छेद पंचायतों की शक्तियाँ, अधिकार और जिम्मेदारियों से संबंधित है ?","243 (A)","356 (B)","357","243 (G)","243 (A)","356 (B)","357","243 (G)","3","Article 243G of the Indian Constitution deals with the powers, authority, and responsibilities of Panchayats.","भारतीय संविधान का अनुच्छेद 243G पंचायतों की शक्तियों, अधिकारों और उत्तरदायित्वों से संबंधित है।","Rajasthan GK","1","0.33"
"When was Central Arid Zone Research Institute set up ?","केंद्रीय शुष्क क्षेत्र अनुसंधान संस्थान का गठन कब किया गया था ?","1971","1966","1959","1985","1971","1966","1959","1985","2","CAZRI was established in 1959 in Jodhpur.","काजरी (CAZRI) की स्थापना 1959 में जोधपुर में हुई थी।","Rajasthan GK","1","0.33"
"Which of the following institutes purchases handicraft items directly from the craft persons?","निम्न में से कौनसी संस्था हस्तशिल्पियों से सीधे उनके द्वारा उत्पादित हस्तशिल्प वस्तुओं को खरीदती है ?","RIICO","RFC","RAJSICO","RBI","RIICO","RFC","RAJSICO","RBI","2","RAJSICO promotes and purchases handicrafts directly from artisans in Rajasthan.","राजसीको (RAJSICO) राजस्थान में कारीगरों से सीधे हस्तशिल्प को बढ़ावा देता है और खरीदता है।","Rajasthan GK","1","0.33"
"Who conceived the idea of the Indira Gandhi Canal Project ?","इंदिरा गांधी नहर परियोजना का विचार किसके दिमाग की उपज है ?","Mohanlal Sukhadia","Jawaharlal Nehru","Jainarayan Vyas","Kanwar Sain","मोहनलाल सुखाड़िया","जवाहरलाल नेहरू","जयनारायण व्यास","कंवर सेन","3","Kanwar Sain, a hydraulic engineer, conceived the idea of the Indira Gandhi Canal in 1948.","हाइड्रोलिक इंजीनियर कंवर सेन ने 1948 में इंदिरा गांधी नहर के विचार की कल्पना की थी।","Rajasthan GK","1","0.33"
"How many districts of Rajasthan are covered by Thar desert ?","राजस्थान के कितने जिलों में थार रेगिस्तान फैला हुआ है ?","5","6","7","12","5","6","7","12","3","The Thar desert covers 12 districts in the north-western part of Rajasthan.","थार मरुस्थल राजस्थान के उत्तर-पश्चिमी भाग के 12 जिलों में फैला हुआ है।","Rajasthan GK","1","0.33"
"When was Rajasthan State Mineral Development Corporation Ltd. amalgamated with Rajasthan State Mines and Minerals Ltd. ?","राजस्थान राज्य खनिज विकास निगम लि. का विलय राजस्थान राज्य खान एवं खनिज लि. में कब हुआ ?","20 January 1990","26 December 1995","1 March 2000","19 February 2003","20 जनवरी 1990","26 दिसम्बर 1995","1 मार्च 2000","19 फरवरी 2003","3","RSMDC was merged with RSMML on 19th February 2003.","RSMDC का विलय 19 फरवरी 2003 को RSMML में कर दिया गया था।","Rajasthan GK","1","0.33"
"What is Saksham Yojana under Sarva Shiksha Abhiyan implemented in Rajasthan ?","राजस्थान में चल रहे सर्व शिक्षा अभियान के अंतर्गत सक्षम योजना क्या है ?","It ensures self employment to youth.","It gives self defensive training to girls.","It gives skill development training to youth.","It gives insurance policy to housewives.","यह युवा लोगों को स्वरोजगार सुनिश्चित करती है।","यह बालिकाओं को आत्मरक्षा के लिए प्रशिक्षण देती है।","यह युवा लोगों को कौशल विकास का प्रशिक्षण देती है।","यह गृहिणियों को बीमा पोलिसी देती है।","1","Saksham Yojana aims to provide self-defense training to school girls.","सक्षम योजना का उद्देश्य स्कूली छात्राओं को आत्मरक्षा प्रशिक्षण प्रदान करना है।","Rajasthan GK","1","0.33"
"What is the share of Government of Rajasthan and Hindustan Petroleum Corporation Ltd. in Rajasthan Refinery ?","राजस्थान रिफाइनरी में राजस्थान सरकार और हिन्दुस्तान पेट्रोलियम निगम लि. की हिस्सेदारी कितनी है?","74: 26","26: 74","75: 25","25: 75","74: 26","26: 74","75: 25","25: 75","1","The joint venture has HPCL holding 74% and Govt of Rajasthan holding 26%. Respectively it is 26:74 for Rajasthan and HPCL.","इस संयुक्त उद्यम में HPCL की हिस्सेदारी 74% और राजस्थान सरकार की हिस्सेदारी 26% है। क्रमशः यह 26:74 है।","Rajasthan GK","1","0.33"
"In which of the following district industrial centres of Rajasthan not a single large scale industry is operating as on 31 March 2017?","निम्न में से राजस्थान के किस जिला औद्योगिक केंद्र में 31 मार्च 2017 को एक भी बड़े पैमाने का उद्योग कार्यशील नहीं था ?","Dausa","Jalore","Pratapgarh","All of these","दौसा","जालौर","प्रतापगढ","ये सभी","3","As per data till 2017, Dausa, Jalore, Pratapgarh and Churu had no large scale industries.","2017 तक के आंकड़ों के अनुसार, दौसा, जालौर, प्रतापगढ़ और चूरू में कोई बड़े पैमाने का उद्योग नहीं था।","Rajasthan GK","1","0.33"
"Which of the following is first Super Thermal Power Plant of Rajasthan?","निम्न में से कौनसा राजस्थान का पहला सुपर तापीय पावर प्लांट है ?","Suratgarh Super Thermal Power Plant","Kota Thermal Power Plant","Chhabra Thermal Power Plant","Dholpur Gas Thermal Power Plant","सूरतगढ सुपर तापीय पावर प्लांट","कोटा तापीय पावर प्लांट","छबड़ा तापीय पावर प्लांट","धौलपुर गैस तापीय पावर प्लांट","0","Suratgarh Super Thermal Power Plant is the first super thermal power station of Rajasthan.","सूरतगढ़ सुपर थर्मल पावर प्लांट राजस्थान का पहला सुपर थर्मल पावर स्टेशन है।","Rajasthan GK","1","0.33"
"Rajasthan has ___ percent Felspar reserves of the country.","राजस्थान में देश का ___ प्रतिशत फेल्सपार भण्डार है ।","100","50","33","66","100","50","33","66","3","Rajasthan produces and holds about 66% of India's total felspar reserves.","राजस्थान भारत के कुल फेल्सपार भंडार का लगभग 66% उत्पादन और भण्डारण करता है।","Rajasthan GK","1","0.33"
"Which of the following power projects of Rajasthan is under state's complete ownership?","निम्नलिखित में राजस्थान की कौनसी विद्युत परियोजना राज्य के स्वयं की पूर्ण स्वामित्व वाली परियोजना है ?","Chambal Project","Beas Project","Mahi Project","Satpura Project","चम्बल परियोजना","ब्यास परियोजना","माही परियोजना","सतपुड़ा परियोजना","2","Mahi Bajaj Sagar project is fully owned by the state of Rajasthan (in terms of power).","माही बजाज सागर परियोजना (विद्युत के संदर्भ में) पूरी तरह से राजस्थान राज्य के स्वामित्व में है।","Rajasthan GK","1","0.33"
"Name the Ruler of Jaipur who served the Mughal Court constantly during the reign of Mughal Emperors viz. Shahjahan and Aurangzeb.","मुगल बादशाह शाहजहाँ और औरंगजेब के शासनकाल में निरंतर मुगल दरबार में कार्य करने वाले जयपुर के शासक का नाम बताइये ।","Raja Man Singh","Mirza Raja Jai Singh","Maharaja Sawai Jai Singh","Raja Bhagwan Das","राजा मानसिंह","मिर्जा राजा जयसिंह","महाराजा सवाई जयसिंह","राजा भगवान दास","1","Mirza Raja Jai Singh served three Mughal emperors: Jahangir, Shah Jahan, and Aurangzeb.","मिर्जा राजा जयसिंह ने तीन मुगल सम्राटों: जहांगीर, शाहजहां और औरंगजेब की सेवा की।","Rajasthan GK","1","0.33"
"Who was the founder ruler of Kota State ?","कोटा राज्य का संस्थापक शासक कौन था ?","Madho Singh","Mukund Singh","Kishore Singh","Ram Singh","माधोसिंह","मुकुन्दसिंह","किशोरसिंह","रामसिंह","0","Rao Madho Singh became the first independent ruler of Kota in 1631.","राव माधोसिंह 1631 में कोटा के पहले स्वतंत्र शासक बने।","Rajasthan GK","1","0.33"
"In which Hindu month (V.S.) is Teja Dashmi celebrated ?","किस हिन्दू महीने (वि.सं.) में तेजादशमी मनाई जाती है ?","Asoj","Shravan","Bhadrapad","Kartik","आसोज","श्रावण","भाद्रपद","कार्तिक","2","Teja Dashmi is celebrated on the 10th day of Shukla Paksha of Bhadrapad month.","तेजादशमी भाद्रपद महीने के शुक्ल पक्ष की 10वीं तिथि को मनाई जाती है।","Rajasthan GK","1","0.33"
"Champakali ornament is worn on which part of the body?","चम्पाकली आभूषण शरीर के किस अंग पर पहना जाता है ?","Neck","Head","Forehead","Ear","गर्दन","सिर","माथा","कान","0","Champakali is a traditional necklace worn around the neck by Rajasthani women.","चम्पाकली एक पारंपरिक हार है जिसे राजस्थानी महिलाएं गले में पहनती हैं।","Rajasthan GK","1","0.33"
"Who proposed the formation of 'Hadauti Sangh' to integrate the smaller states of South Rajputana ?","दक्षिणी राजपूताना के छोटे राज्यों को एकीकृत करने के लिए किसने 'हाडौती संघ' बनाने का प्रस्ताव दिया ?","N. B. Gadgil","Maharao Bhim Singh of Kota","Maharao Bahadur Singh of Bundi","Gokul Lal Asawa","एन. बी. गाडगिल","महाराव भीमसिंह (कोटा)","महाराव बहादुरसिंह (बूंदी)","गोकुल लाल असावा","1","Maharao Bhim Singh of Kota proposed the Hadauti Sangh to merge Kota, Bundi, and Jhalawar.","कोटा के महाराव भीमसिंह ने कोटा, बूंदी और झालावाड़ के विलय के लिए हाड़ौती संघ का प्रस्ताव रखा था।","Rajasthan GK","1","0.33"
"Which ruler of Jaipur composed poems under the pen-name 'Brijnidhi'?","जयपुर का कौनसा शासक कविताओं में अपना उपनाम ब्रजनिधि लिखते थे ?","Sawai Jai Singh","Sawai Pratap Singh","Sawai Prithvi Singh","Ishwari Singh","सवाई जयसिंह","सवाई प्रतापसिंह","सवाई पृथ्वीसिंह","ईश्वरीसिंह","1","Sawai Pratap Singh wrote poems under the pen name Brijnidhi. [cite: 858, 861]","सवाई प्रतापसिंह 'ब्रजनिधि' उपनाम से कविताएँ लिखते थे। [cite: 864, 867]","Rajasthan GK","1","0.33"
"Who founded Vardhman Vidyalaya in Jaipur ?","जयपुर में वर्धमान विद्यालय की स्थापना किसने की ?","Vijay Singh Pathik","Tikaram Paliwal","Arjun Lal Sethi","Heera Lal Shastri","विजयसिंह पथिक","टीकाराम पालीवाल","अर्जुनलाल सेठी","हीरालाल शास्त्री","2","Arjun Lal Sethi established Vardhman Vidyalaya in 1907 in Jaipur. [cite: 888, 891]","अर्जुनलाल सेठी ने 1907 में जयपुर में वर्धमान विद्यालय की स्थापना की थी। [cite: 893, 897]","Rajasthan GK","1","0.33"
"Who among the following was one of the leader of the revolt of 1857 in Kota ?","निम्नलिखित में से कौन कोटा में 1857 के विद्रोह का एक नेतृत्वकर्ता था ?","Jaidayal","Nand Kishore","Kanhaiyalal","Kushal Singh","जयदयाल","नन्द किशोर","कन्हैयालाल","कुशलसिंह","0","Lala Jaidayal and Mehrab Khan led the 1857 revolt in Kota. [cite: 905, 907]","लाला जयदयाल और मेहराब खान ने कोटा में 1857 के विद्रोह का नेतृत्व किया था। [cite: 911, 913]","Rajasthan GK","1","0.33"
"Which is the most popular Rajasthani song which describes the beauty of a young girl?","कौनसा प्रसिद्ध राजस्थानी गीत एक युवती के सौंदर्य का वर्णन करता है?","Kurja","Mumal","Sapna","Gorbandh","कुरजा","मूमल","सपना","गोरबंध","1","Mumal is a famous folk song of Jaisalmer describing the beauty of Princess Mumal. [cite: 917, 983]","मूमल जैसलमेर का एक प्रसिद्ध लोकगीत है जो राजकुमारी मूमल के सौंदर्य का वर्णन करता है। [cite: 986, 990]","Rajasthan GK","1","0.33"
"Where is the temple of Goddess Tripura Sundari situated ?","त्रिपुरा सुंदरी देवी का मंदिर कहाँ स्थित है ?","Banswara","Udaipur","Dungarpur","Chittor","बाँसवाड़ा","उदयपुर","डूंगरपुर","चित्तौड़","0","The temple of Tripura Sundari is located in Talwara village of Banswara district. [cite: 995, 999]","त्रिपुरा सुंदरी का मंदिर बाँसवाड़ा जिले के तलवाड़ा गाँव में स्थित है। [cite: 1007, 1010]","Rajasthan GK","1","0.33"
"Match the following Wildlife Sanctuaries with their correct locations: (i) Ramgarh (ii) Jawahar Sagar (iii) Van Vihar (iv) Taal Chhappar (v) Sariska - (a) Dholpur (b) Churu (c) Bundi (d) Alwar (e) Kota","निम्नलिखित वन्यजीव अभयारण्यों को उनकी सही अवस्थितियों से मिलाइए : (i) रामगढ़ (ii) जवाहर सागर (iii) वन विहार (iv) ताल छाप्पर (v) सरिस्का - (a) धौलपुर (b) चुरू (c) बूंदी (d) अलवर (e) कोटा","(i)-e, (ii)-d, (iii)-a, (iv)-c, (v)-b","(i)-a, (ii)-b, (iii)-d, (iv)-e, (v)-c","(i)-c, (ii)-e, (iii)-a, (iv)-b, (v)-d","(i)-a, (ii)-d, (iii)-c, (iv)-b, (v)-e","(i)-e, (ii)-d, (iii)-a, (iv)-c, (v)-b","(i)-a, (ii)-b, (iii)-d, (iv)-e, (v)-c","(i)-c, (ii)-e, (iii)-a, (iv)-b, (v)-d","(i)-a, (ii)-d, (iii)-c, (iv)-b, (v)-e","2","Ramgarh is in Bundi, Jawahar Sagar in Kota, Van Vihar in Dholpur, Taal Chhappar in Churu, Sariska in Alwar. [cite: 920, 936]","रामगढ़ बूंदी में, जवाहर सागर कोटा में, वन विहार धौलपुर में, ताल छाप्पर चुरू में, और सरिस्का अलवर में है। [cite: 953, 970]","Rajasthan GK","1","0.33"
"Which tree leaves are used for making 'bidi'?","कौनसे वृक्ष की पत्तियों का उपयोग 'बीड़ी' निर्माण में होता है ?","Palash","Dhokda","Tendu","Teak","पलाश","धोकड़ा","तेन्दू","सागवान","2","Tendu leaves are widely used to wrap bidi. [cite: 997, 1005]","तेन्दू के पत्तों का उपयोग मुख्य रूप से बीड़ी बनाने के लिए किया जाता है। [cite: 1008, 1016]","Rajasthan GK","1","0.33"
"The Gajner Wildlife Sanctuary is located in which district of Rajasthan ?","गजनेर वन्यजीव अभयारण्य राजस्थान के कौनसे जिले में स्थित है ?","Hanumangarh","Bikaner","Churu","Sikar","हनुमानगढ़","बीकानेर","चुरू","सीकर","1","Gajner Wildlife Sanctuary is located in Bikaner district. [cite: 1024, 1026]","गजनेर वन्यजीव अभयारण्य बीकानेर जिले में स्थित है। [cite: 1029, 1033]","Rajasthan GK","1","0.33"
"Tharparkar breed is found in which region of Rajasthan ?","निम्नलिखित में से राजस्थान के कौनसे क्षेत्र में थारपारकर नस्ल पाई जाती है ?","Western Arid region","Shekhawati region","Eastern region","South-East region","पश्चिमी शुष्क क्षेत्र","शेखावाटी क्षेत्र","पूर्वी क्षेत्र","दक्षिण-पूर्व क्षेत्र","0","Tharparkar cattle breed is primarily found in the western arid region of Rajasthan (Barmer, Jaisalmer). [cite: 1037, 1038]","थारपारकर गाय की नस्ल मुख्य रूप से राजस्थान के पश्चिमी शुष्क क्षेत्र में पाई जाती है। [cite: 1044, 1046]","Rajasthan GK","1","0.33"
"Red loam soil is found in district of:","लाल दोमट मिट्टी पाया जाने वाला जिला है :","Sirohi","Kota","Dungarpur","Bikaner","सिरोही","कोटा","डूंगरपुर","बीकानेर","2","Red loam soil is mainly found in the southern parts of Rajasthan like Dungarpur and Banswara. [cite: 1076, 1078]","लाल दोमट मिट्टी मुख्य रूप से राजस्थान के दक्षिणी भागों जैसे डूंगरपुर और बांसवाड़ा में पाई जाती है। [cite: 1081, 1083]","Rajasthan GK","1","0.33"
"'Nathra ki Pal' mine is located in district of:","'नाथरा की पाल' खान किस जिले में अवस्थित है?","Ajmer","Udaipur","Sirohi","Barmer","अजमेर","उदयपुर","सिरोही","बाड़मेर","1","Nathra Ki Pal is famous for iron ore mining and is located in Udaipur district. [cite: 1087, 1090]","नाथरा की पाल लौह अयस्क खनन के लिए प्रसिद्ध है और यह उदयपुर जिले में स्थित है। [cite: 1094, 1095]","Rajasthan GK","1","0.33"
"'Luni Basin' is a part of which broad Physiographic division of Rajasthan?","'लूनी बेसिन' राजस्थान के किस विस्तृत भूआकृतिक विभाग का एक भाग है ?","Eastern Plain","Western Desert","Aravalli Hilly Region","South-Eastern Plateau","पूर्वी मैदान","पश्चिमी मरुस्थल","अरावली पहाड़ी प्रदेश","दक्षिण-पूर्वी पठार","1","Luni Basin (Godwar region) is a part of the Western Desert (Arid/Semi-Arid plain). [cite: 1052, 1054]","लूनी बेसिन (गोडवाड़ क्षेत्र) पश्चिमी मरुस्थल का एक हिस्सा है। [cite: 1057, 1060]","Rajasthan GK","1","0.33"
"Which of the following is with gentle slope on sand dunes windward side and steep slope on leeward side ?","निम्नांकित में से कौनसा बालुका स्तूप मन्द पवनामुखी ढ़ाल व तीव्र पवनाविमुखी ढ़ाल वाला होता है ?","Longitudinal","Transverse","Barchan","Nebkha","अनुदैर्ध्य","अनुप्रस्थ","बरखान","नेबखा","2","Barchan (crescent-shaped) dunes have a gentle slope on the windward side and a steep slope on the leeward side. [cite: 1063, 1065]","बरखान (अर्धचंद्राकार) रेत के टीलों का पवनामुखी ढाल मंद और पवनाविमुखी ढाल तीव्र होता है। [cite: 1069, 1072]","Rajasthan GK","1","0.33"
"Which of the following Tehsil has the highest density of Sahariya tribe in Rajasthan?","राजस्थान में निम्नलिखित में से कौनसी तहसील में सहरिया जनजाति का घनत्व अधिकतम है ?","Dhariyabad","Kishanganj","Chhabra","Mangrol","धरियाबाद","किशनगंज","छबरा","मांगरोल","1","Kishanganj and Shahbad tehsils of Baran district have the highest density of the Sahariya tribe. [cite: 1074, 1095]","बारां जिले की किशनगंज और शाहाबाद तहसीलों में सहरिया जनजाति का घनत्व सबसे अधिक है। [cite: 1097, 1100]","Rajasthan GK","1","0.33"
"Which of the following categories of forest covers the maximum percent of area in Rajasthan ?","निम्नांकित वन श्रेणियों में से राजस्थान में किसके अन्तर्गत सर्वाधिक प्रतिशत क्षेत्र आवृत है ?","Private forest","Unclassified forest","Reserved forest","Protected forest","निजी वन","अवर्गीकृत वन","आरक्षित वन","संरक्षित वन","3","Protected forests cover the maximum area (approx 56%) in Rajasthan. [cite: 1102, 1108]","राजस्थान में संरक्षित वन सबसे अधिक क्षेत्र (लगभग 56%) को कवर करते हैं। [cite: 1109, 1121]","Rajasthan GK","1","0.33"
"Varun-18 is an exercise related to which one of the following?","वरूण-18 नामक अभ्यास निम्न में से किस से सम्बन्धित है ?","Naval","Military","Airforce","Disaster Relief Force","नौसेना","थलसेना","वायुसेना","आपदा राहत दल","0","Varuna-18 is a joint bilateral naval exercise between India and France. [cite: 1127, 1129]","वरुण-18 भारत और फ्रांस के बीच एक संयुक्त द्विपक्षीय नौसेना अभ्यास है। [cite: 1133, 1135]","Current Affairs","1","0.33"
"According to Budget announcement 2018-19 what will be the salary of Asha Sahyogini in Rajasthan ?","2018-19 की बजट घोषणा के अनुसार राजस्थान में 'आशा सहयोगिनी' का वेतन क्या होगा ?","1,850","2,000","2,500","2,200","1,850","2,000","2,500","2,200","2","In the 2018-19 budget, the honorarium for Asha Sahyogini was increased to Rs. 2500. [cite: 1139, 1141]","2018-19 के बजट में आशा सहयोगिनी का मानदेय बढ़ाकर 2500 रुपये कर दिया गया था। [cite: 1140, 1141]","Current Affairs","1","0.33"
"Which one of the following Military stations will be developed as smart facility under the Smart City Mission?","निम्नलिखित में से कौनसा मिलट्री स्टेशन स्मार्ट सिटी मिशन के तहत स्मार्ट फेसिलिटी के रूप में विकसित किया जाएगा ?","Bhatinda","Wheeler Island","Jaisalmer","Jodhpur","भटिण्डा","व्हीलर द्वीप","जैसलमेर","जोधपुर","2","Jaisalmer military station was selected to be developed as a smart facility. [cite: 1145, 1148]","जैसलमेर मिलिट्री स्टेशन को स्मार्ट फैसिलिटी के रूप में विकसित करने के लिए चुना गया था। [cite: 1151, 1156]","Current Affairs","1","0.33"
"In Rajasthan on which one of the following dates, the second phase of 'Mukhyamantri Bhamashah Swasthya Bima Yojana' was started ?","राजस्थान में निम्न में से किस दिन 'मुख्यमंत्री भामाशाह स्वास्थ्य बीमा योजना' के द्वितीय चरण का आरम्भ किया गया ?","1 Jan., 2018","26 Jan., 2018","25 Nov., 2017","13 Dec., 2017","1 जनवरी, 2018","26 जनवरी, 2018","25 नवंबर, 2017","13 दिसंबर, 2017","3","The second phase of the scheme was launched on 13th December 2017. [cite: 1197, 1202]","इस योजना का दूसरा चरण 13 दिसंबर 2017 को शुरू किया गया था। [cite: 1203, 1209]","Current Affairs","1","0.33"
"Omprakash Mitharwal has won which of the following medals in recent Commonwealth Games?","ओमप्रकाश मिठरवाल ने हाल ही के राष्ट्रमण्डल खेलों में निम्न में से कौनसा पदक जीता ?","Bronze","Gold","Silver","None of these","कांस्य","स्वर्ण","रजत","इनमें से कोई नहीं","0","Shooter Om Prakash Mitharwal won Bronze medals in the 2018 Commonwealth Games. [cite: 1157, 1159]","निशानेबाज ओम प्रकाश मिठरवाल ने 2018 राष्ट्रमंडल खेलों में कांस्य पदक जीते थे। [cite: 1163, 1166]","Current Affairs","1","0.33"
"The famous 'Batadu Well' is situated in which of the following districts of Rajasthan?","प्रसिद्ध 'बाटाडू कुआँ' राजस्थान के निम्न में से किस जिले में स्थित है ?","Barmer","Jaipur","Bharatpur","Dausa","बाड़मेर","जयपुर","भरतपुर","दौसा","0","Batadu Ka Kua, famous for its marble architecture, is located in Barmer district. [cite: 1170]","बाटाडू का कुआँ, जो अपने संगमरमर की वास्तुकला के लिए प्रसिद्ध है, बाड़मेर जिले में स्थित है। [cite: 1174]","Rajasthan GK","1","0.33"
"Ayushman Bharat Mission is related to which one of the following sectors ?","आयुष्मान भारत मिशन का सम्बन्ध निम्न में से किस क्षेत्र से है ?","Education","Health","Finance","Sports","शिक्षा","स्वास्थ्य","वित्त","खेल","1","Ayushman Bharat is a national health protection scheme launched by the Govt of India. [cite: 1181]","आयुष्मान भारत भारत सरकार द्वारा शुरू की गई एक राष्ट्रीय स्वास्थ्य सुरक्षा योजना है। [cite: 1186]","Current Affairs","1","0.33"
"Who among the following is the present Central Vigilance Commissioner of India?.","निम्नलिखित में से कौन भारत के वर्तमान केन्द्रीय सतर्कता आयुक्त हैं ?","Shri Sharad Kumar","Dr. Tejendra Mohan","K. V. Chowdhary","Alok Verma","श्री शरद कुमार","डॉ. तेजेन्द्र मोहन","के. वी. चौधरी","आलोक वर्मा","2","K.V. Chowdhary was serving as the Central Vigilance Commissioner (CVC) of India in 2018. [cite: 1211]","के. वी. चौधरी 2018 में भारत के केंद्रीय सतर्कता आयुक्त (CVC) के रूप में कार्यरत थे। [cite: 1216]","Current Affairs","1","0.33"
"'Gararda Vrihad Peyjal Pariyojna' is related to which of the following district of Rajasthan ?","'गरड़दा वृहद पेयजल परियोजना' राजस्थान के निम्न में से किस जिले से सम्बन्धित है ?","Bundi","Baran","Kota","Jhalawar","बूँदी","बाराँ","कोटा","झालावाड़","0","Gararda dam and its major drinking water project are situated in the Bundi district. [cite: 1227]","गरड़दा बांध और इसकी वृहद पेयजल परियोजना बूंदी जिले में स्थित है। [cite: 1234]","Rajasthan GK","1","0.33"
"What is the current Repo Rate in India, as per the announcements made by Reserve Bank of India in June 2018?","रिजर्व बैंक ऑफ इंडिया द्वारा जून 2018 में की गई घोषणाओं के अनुसार भारत में वर्तमान रेपो रेट क्या है ?","6.25%","6%","5.75%","6.1%","6.25%","6%","5.75%","6.1%","0","In June 2018, the RBI increased the repo rate by 25 basis points to 6.25%. [cite: 1240]","जून 2018 में, RBI ने रेपो रेट में 25 आधार अंकों की वृद्धि कर इसे 6.25% कर दिया था। [cite: 1243]","Current Affairs","1","0.33"
"In which one of the following cities, the Government of India will establish India's largest data centre ?","निम्न में से किस शहर में भारत सरकार भारत का सबसे बड़ा डाटा सेंटर स्थापित करेगी ?","Bengaluru","Bhopal","Indore","Jaipur","बैंगलूरू","भोपाल","इन्दौर","जयपुर","1","The National Informatics Centre (NIC) set up India's largest data centre in Bhopal. [cite: 1248]","राष्ट्रीय सूचना विज्ञान केंद्र (NIC) ने भोपाल में भारत का सबसे बड़ा डेटा सेंटर स्थापित किया। [cite: 1254]","Current Affairs","1","0.33"
"National Digital Library of India is a project of which one of the following ministries ?","भारत की राष्ट्रीय डिजिटल लाइब्रेरी निम्नलिखित में से किस मंत्रालय का प्रोजेक्ट है ?","Ministry of Finance","Ministry of Education, Science and Technology","Ministry of Information Technology","Ministry of Human Resource Development","वित्त मंत्रालय","शिक्षा, विज्ञान व तकनीकी मंत्रालय","सूचना तकनीकी मंत्रालय","मानव संसाधन विकास मंत्रालय","3","NDL is a project under the Ministry of Human Resource Development (now Ministry of Education). [cite: 1260]","NDL मानव संसाधन विकास मंत्रालय (अब शिक्षा मंत्रालय) के तहत एक परियोजना है। [cite: 1266]","Current Affairs","1","0.33"
"What is the new name of the 'Sports Authority of India'?","'स्पोर्ट्स ऑथोरिटी ऑफ इण्डिया' का नया नाम क्या है ?","Central Sports Authority","Department of Sports","Authority of Sports","Sports India","सेन्ट्रल स्पोर्ट्स ऑथोरिटी","डिपार्टमेन्ट ऑफ स्पोर्ट्स","ऑथोरिटी ऑफ स्पोर्ट्स","स्पोर्ट्स इण्डिया","3","In 2018, the Sports Authority of India (SAI) was renamed as 'Sports India'. [cite: 1274]","2018 में, स्पोर्ट्स अथॉरिटी ऑफ इंडिया (SAI) का नाम बदलकर 'स्पोर्ट्स इंडिया' कर दिया गया था। [cite: 1274]","Current Affairs","1","0.33"
"Who among the following is the 21st Lieutenant Governor of Delhi ?","निम्न में से कौन दिल्ली के 21 वें उपराज्यपाल हैं ?","Anil Baijal","Tejendra Khanna","Najeeb Jung","Arvind Kejriwal","अनिल बैजल","तेजेन्द्र खन्ना","नजीब जंग","अरविन्द केजरीवाल","0","Anil Baijal served as the 21st Lieutenant Governor of Delhi. [cite: 1274]","अनिल बैजल ने दिल्ली के 21वें उपराज्यपाल के रूप में कार्य किया। [cite: 1274]","Current Affairs","1","0.33"
"What is the aim of Van Dhan Scheme of Government of India ?","भारत सरकार की वन धन योजना का लक्ष्य क्या है ?","Increasing forest cover","Restriction on slash and burn agriculture","Preserving Biodiversity","Empowering Tribal communities economically","वनावरण बढ़ाना","स्लैश एण्ड बर्न खेती पर प्रतिबन्ध","जैवविविधता संरक्षण","जनजातियों का आर्थिक सशक्तिकरण","3","The Van Dhan Yojana aims to improve tribal incomes through value addition of forest produce. [cite: 1274]","वन धन योजना का उद्देश्य वन उपज के मूल्यवर्धन के माध्यम से आदिवासी समुदायों को आर्थिक रूप से सशक्त बनाना है। [cite: 1274]","Current Affairs","1","0.33"
"Pyramid of energy","ऊर्जा पिरैमिड","is always inverted.","can be both inverted or upright.","is always upright.","is inverted only for sea ecosystem.","सदैव उलटी अवस्था में होता है ।","उलटी या खड़ी दोनों अवस्था में हो सकता है।","सदैव खड़ी अवस्था में होता है ।","केवल समुद्र पारितंत्र में उलटी अवस्था में होता है ।","2","According to the 10% law of energy transfer, energy is lost at each trophic level, making the pyramid always upright. [cite: 1279]","ऊर्जा हस्तांतरण के 10% नियम के अनुसार, प्रत्येक पोषी स्तर पर ऊर्जा नष्ट होती है, जिससे पिरामिड हमेशा खड़ी अवस्था में बनता है। [cite: 1285]","Science","1","0.33"
"Who was awarded with the Nobel Prize in 1975 for the discovery of 'Central Dogma Reverse'?","'केन्द्रीय डोग्मा रिवर्स' की खोज के लिए सन् 1975 में नोबेल पुरस्कार से किसको सम्मानित किया गया ?","Monad","Dalton","Khorana","Baltimore","मोनाड","डाल्टन","खुराना","बॉल्टीमोर","3","David Baltimore (along with others) shared the 1975 Nobel Prize for discovering reverse transcriptase. [cite: 1290]","डेविड बॉल्टीमोर (अन्य लोगों के साथ) ने रिवर्स ट्रांसक्रिप्टेज़ की खोज के लिए 1975 का नोबेल पुरस्कार साझा किया था। [cite: 1295]","Science","1","0.33"
"The flow of energy in an ecosystem follows the laws of","एक पारिस्थितिकी तंत्र में ऊर्जा प्रवाह किन कानूनों के अनुरूप होता है ?","Kinetics","Thermodynamics","Probability","Photochemistry","गतिकी","ऊष्मागतिकी","संभाव्यता","प्रकाशरसायन","1","Energy flow in ecosystems strictly obeys the first and second laws of thermodynamics. [cite: 1321]","पारिस्थितिक तंत्र में ऊर्जा प्रवाह ऊष्मागतिकी (Thermodynamics) के पहले और दूसरे नियमों का कड़ाई से पालन करता है। [cite: 1327]","Science","1","0.33"
"In which form, does water occur in gaseous state in the atmosphere ?","वायुमण्डल में जल, गैसीय अवस्था में किस रूप में पाया जाता है ?","Snow particles","Water drop","Water vapour","All of these","हिम कण","जल बूंद","जलवाष्प","ये सभी","2","Water exists in the atmosphere as a gas in the form of water vapour. [cite: 1300]","वायुमंडल में जल गैस के रूप में जलवाष्प (Water vapour) की अवस्था में मौजूद रहता है। [cite: 1303]","Science","1","0.33"
"Which of the three 'R's are regarded as environment friendly ?","निम्नलिखित में से कौन से तीन 'R' पर्यावरण के अनुकूल माने जाते हैं ?","Reduce, Reuse, Recycle","Reduce, Recreate, Reuse","Repeat, Reorder, Recreate","Recycle, Reorder, Repeat","कम करना, पुनः उपयोग, पुनश्चक्रण","कम करना, पुनः बनाना, पुनः उपयोग","पुनरावर्तन, पुनः व्यवस्थित, पुनः बनाना","पुनश्चक्रण, पुनः व्यवस्थित, पुनरावर्तन","0","The 3 R's of waste hierarchy are Reduce, Reuse, and Recycle. [cite: 1309]","कचरा प्रबंधन के 3 R नियम 'Reduce, Reuse और Recycle' (कम करना, पुनः उपयोग, पुनश्चक्रण) हैं। [cite: 1314]","Science","1","0.33"
"For control of which disease is the triple antigen (D, P, T) administered to children?","बच्चों को ट्रिपल एण्टीजन (D, P, T) किस रोग को रोकने हेतु दी जाती है ?","Diphtheria, Pertussis, Tetanus","Diphtheria, Polio, Tetanus","Diphtheria, Pertussis, Typhoid","Dengue, Polio, Typhoid","डिफ्थीरिया, कुकुरखांसी, टिटनेस","डिफ्थीरिया, पोलियो, टिटनेस","डिफ्थीरिया, कुकुरखांसी, टायफॉयड","डेंगू, पोलियो, टायफॉयड","0","The DPT vaccine is given to protect against Diphtheria, Pertussis (whooping cough), and Tetanus. [cite: 1336]","DPT का टीका डिप्थीरिया, पर्टुसिस (काली खांसी), और टिटनेस से बचाव के लिए दिया जाता है। [cite: 1341]","Science","1","0.33"
"In which year was the Indian Patents Act passed ?","किस वर्ष में भारतीय पेटेन्ट अधिनियम पारित हुआ था ?","1960","1970","1980","1990","1960","1970","1980","1990","1","The Patents Act of India was enacted in 1970 and came into force in 1972. [cite: 1352]","भारत का पेटेंट अधिनियम 1970 में अधिनियमित किया गया था और 1972 में लागू हुआ। [cite: 1354]","Science","1","0.33"
"Central dogma in molecular biology was proposed by","आणविक जीव विज्ञान में मूल सिद्धांत का विचार ने प्रस्तुत किया ।","Gregor Mendel","Thomas Hunt Morgan","Frederich Griffith","Francis Crick","ग्रेगर मेंडल","थामस हंट मार्गन","फ्रेडेरिक ग्रिफीथ","फ्रांसिस क्रिक","3","The Central Dogma of molecular biology was first stated by Francis Crick in 1958. [cite: 1360]","आण्विक जीव विज्ञान के मूल सिद्धांत को पहली बार 1958 में फ्रांसिस क्रिक ने प्रतिपादित किया था। [cite: 1366]","Science","1","0.33"
"Which of the following is used as an anticoagulant in blood transfusion?","निम्नलिखित में से किस पदार्थ का रक्त आधान में स्कन्दनरोधी की तरह उपयोग किया जाता है ?","Sodium citrate","Sodium acetate","Sodium carbonate","Sodium nitrate","सोडियम सिट्रेट","सोडियम एसिटेट","सोडियम कार्बोनेट","सोडियम नाइट्रेट","0","Sodium citrate acts as an anticoagulant by chelating calcium ions in the blood. [cite: 1372]","सोडियम सिट्रेट रक्त में कैल्शियम आयनों को बांधकर स्कंदनरोधी (एंटीकोगुलेंट) के रूप में कार्य करता है। [cite: 1376]","Science","1","0.33"
"The nitrogenous base found in place of Thiamine in RNA molecule is","आर.एन.ए. अणु में थाइमिन के स्थान पर पाया जाने वाला नाइट्रोजिनस क्षारक है :","Uracil","Guanine","Cytosine","Adenine","यूरेसिल","गुआनिन","साइटोसिन","ऐडिनिन","0","In RNA, the nitrogenous base Uracil replaces Thymine which is present in DNA. [cite: 1384]","RNA में, नाइट्रोजिनस क्षारक यूरेसिल, DNA में मौजूद थाइमिन का स्थान ले लेता है। [cite: 1427]","Science","1","0.33"
"Which of the following is the largest ecosystem in the world?","विश्व में सबसे बड़ा पारिस्थितिकी तंत्र कौन-सा है?","Desert ecosystem","Grassland ecosystem","Ocean ecosystem","Forest ecosystem","मरुस्थलीय पारिस्थितिकी तंत्र","घासभूमि पारिस्थितिकी तंत्र","सागर पारिस्थितिकी तंत्र","वानिकी पारिस्थितिकी तंत्र","2","The ocean ecosystem covers about 71% of the Earth's surface, making it the largest. [cite: 1386]","महासागर पारिस्थितिकी तंत्र पृथ्वी की सतह के लगभग 71% हिस्से को कवर करता है, जो इसे सबसे बड़ा बनाता है। [cite: 1386]","Science","1","0.33"
"The most common cause of anaemia in our country is","हमारे देश में एनिमीया की सबसे बड़ी वजह निम्न में से किस तत्व की कमी है ?","Iron deficiency","Magnesium deficiency","Potassium deficiency","Calcium deficiency","लौह","मैग्नीशियम","पोटैशियम","कैल्सियम","0","Iron deficiency is the most common nutritional deficiency causing anaemia in India. [cite: 1397]","भारत में आयरन की कमी एनीमिया का सबसे आम पोषण संबंधी कारण है। [cite: 1397]","Science","1","0.33"
"How many contrasting characters did Mendel select for his experiments?","मेण्डल ने अपने प्रयोगों के लिए कितने विषम लक्षण चुने थे ?","7","8","9","10","7","8","9","10","0","Gregor Mendel studied 7 pairs of contrasting traits in pea plants. [cite: 1409]","ग्रेगर मेंडल ने मटर के पौधों में 7 जोड़ी विपरीत लक्षणों का अध्ययन किया था। [cite: 1409]","Science","1","0.33"
"Who proposed the chromosomal theory of inheritance ?","किस वैज्ञानिक ने वंशागति का गुणसूत्रीय सिद्धान्त प्रस्तुत किया ?","Lamarck","Darwin","Hooker","Sutton","लैमार्क","डॉरविन","हूकर","सटन","3","The chromosomal theory of inheritance was proposed by Boveri and Sutton. [cite: 1416]","वंशागति का गुणसूत्रीय सिद्धांत बोवेरी और सटन द्वारा प्रस्तावित किया गया था। [cite: 1416]","Science","1","0.33"
"An electric motor converts:","एक इलेक्ट्रिक मोटर में रूपान्तरण होता है :","Mechanical energy into electrical energy.","Electrical energy into mechanical energy.","Heat energy into mechanical energy.","Eddy currents energy into mechanical energy.","यान्त्रिक ऊर्जा का विद्युत ऊर्जा में ।","विद्युत ऊर्जा का यान्त्रिक ऊर्जा में ।","ऊष्मा ऊर्जा का यान्त्रिक ऊर्जा में ।","भँवर धाराओं की ऊर्जा का यान्त्रिक ऊर्जा में।","1","An electric motor works on the principle of converting electrical energy into mechanical energy. [cite: 1448]","एक इलेक्ट्रिक मोटर विद्युत ऊर्जा को यांत्रिक ऊर्जा में बदलने के सिद्धांत पर कार्य करती है। [cite: 1448]","Science","1","0.33"
"The frequency of direct current is:","दिष्ट धारा की आवृत्ति है :","Zero","50 Hz","100 Hz","220 Hz","शून्य","50 Hz","100 Hz","220 Hz","0","Direct current (DC) flows in a single direction constantly, so its frequency is 0 Hz. [cite: 1456]","दिष्ट धारा (DC) लगातार एक ही दिशा में बहती है, इसलिए इसकी आवृत्ति 0 हर्ट्ज होती है। [cite: 1456]","Science","1","0.33"
"A ray of light is made incident on a concave mirror, parallel to its principal axis. After reflection it will","प्रकाश की एक किरण एक अवतल दर्पण पर इसकी मुख्य अक्ष के समानान्तर आपतित की जाती है। परावर्तन के पश्चात् यह","pass through the centre of curvature","move parallel to the principal axis of the mirror","pass through the pole of the mirror","pass through the principal focus","वक्रता केन्द्र से गुजरेगी","दर्पण के मुख्य अक्ष के समानान्तर गति करेगी","दर्पण के ध्रुव से गुजरेगी","मुख्य फोकस से गुजरेगी","3","Rays parallel to the principal axis of a concave mirror converge at the principal focus after reflection. [cite: 1482]","एक अवतल दर्पण के मुख्य अक्ष के समानांतर किरणें परावर्तन के बाद मुख्य फोकस पर अभिसरित होती हैं। [cite: 1482]","Science","1","0.33"
"A plano convex lens (μ=1.5) with radius of curvature 20 cm is silvered at the curved surface. The power of the system is -","एक समतलोत्तल लैन्स (μ=1.5) की वक्र सतह की वक्रता त्रिज्या 20 सेमी है। इस लैन्स की वक्र सतह पर चांदी की पॉलिस की गयी है। इस निकाय की क्षमता (power) होगी -","15 D","10 D","5 D","2.5 D","15 D","10 D","5 D","2.5 D","0","Lens power Pl = (1.5-1)(1/0 - 1/-20) = 2.5D. Mirror power Pm = -2/(-20) = 10D. Total Power = 2(2.5) + 10 = 15D. [cite: 1457]","लेंस की क्षमता Pl = (1.5-1)(1/0 - 1/-20) = 2.5D. दर्पण की क्षमता Pm = -2/(-20) = 10D. कुल क्षमता = 2(2.5) + 10 = 15D. [cite: 1457]","Science","1","0.33"
"Lenz's law is a consequence of:","लेंज का नियम परिणाम है:","Conservation of charge","Conservation of momentum","Conservation of energy","Conservation of current","आवेश के संरक्षण का","संवेग के संरक्षण का","ऊर्जा के संरक्षण का","धारा के संरक्षण का","2","Lenz's law complies with the law of conservation of energy. [cite: 1463]","लेंज का नियम ऊर्जा संरक्षण के नियम का अनुपालन करता है। [cite: 1463]","Science","1","0.33"
"Which lamp is used as indicator in an electric tester ?","विद्युत टेस्टर में कौन-सा लैम्प सूचक के रूप में उपयोग किया जाता है ?","Sodium lamp","Mercury lamp","Neon lamp","Tungsten lamp","सोडियम लैम्प","मर्करी लैम्प","नियोन लैम्प","टंगस्टन लैम्प","2","Neon lamps are widely used as indicator lights in line voltage testers due to their low power consumption. [cite: 1484]","नियॉन लैंप अपनी कम बिजली खपत के कारण लाइन वोल्टेज टेस्टर में संकेतक लाइट के रूप में व्यापक रूप से उपयोग किए जाते हैं। [cite: 1484]","Science","1","0.33"
"The unit of rate of flow of electric charge is-","इलेक्ट्रिक आवेश के प्रवाह की दर का मात्रक है","Volt","Mho","Ampere","Ohm","वोल्ट","म्हो","एम्पीयर","ओम","2","The rate of flow of electric charge is current, measured in Amperes. [cite: 1495]","विद्युत आवेश के प्रवाह की दर विद्युत धारा है, जिसे एम्पीयर में मापा जाता है। [cite: 1495]","Science","1","0.33"
"When white light is incident on a green leaf","जब हरी पत्ती पर सफेद प्रकाश आपतित होता है, तो :","the green colour is mostly absorbed by the leaf.","the green colour is mostly reflected by the leaf.","all the colours except green are reflected by the leaf.","all the colours are equally absorbed by the leaf.","पत्ती के द्वारा मुख्य रूप से हरा रंग अवशोषित होता है ।","पत्ती के द्वारा मुख्य रूप से हरा रंग परावर्तित होता है ।","पत्ती के द्वारा हरे रंग के अतिरिक्त अन्य सभी रंग परावर्तित होते हैं ।","पत्ती के द्वारा सभी रंगों का अवशोषण समान रूप से होता है ।","1","A leaf appears green because it reflects green light and absorbs other colors. [cite: 1517]","एक पत्ती हरी दिखाई देती है क्योंकि वह हरे प्रकाश को परावर्तित करती है और अन्य रंगों को अवशोषित करती है। [cite: 1517]","Science","1","0.33"
"The defect of eye, that arises due to the cornea of the eye having different curvatures in the horizontal and vertical planes, is known as:","वह दृष्टि दोष जो आँख की कॉर्निया की वक्रता के क्षैतिज तथा उर्ध्वाधर तलों में भिन्न होने के कारण उत्पन्न होता है, कहलाता है :","Long sightedness","Short sightedness","Presbyopia","Astigmatism","दीर्घ दृष्टि","निकट दृष्टि","जरा दूरदृष्टि","एस्टिगमेटिज्म","3","Astigmatism is an eye defect caused by the unequal curvature of the cornea. [cite: 1529]","एस्टिगमेटिज्म (अबिंदुकता) कॉर्निया की असमान वक्रता के कारण होने वाला एक नेत्र दोष है। [cite: 1529]","Science","1","0.33"
"I-V graph for a (conductor) metallic wire at two temperatures T1 and T2 is shown in the figure, then -","एक चालक तार के लिए दो तापक्रमों T1 व T2 पर I-V लेखाचित्र दिया गया है, तो","T1>T2","T2>T1","T1=T2","Cannot be determined from this graph.","T1>T2","T2>T1","T1=T2","इस ग्राफ से मालूम नहीं किया जा सकता ।","1","Slope of I-V graph is 1/R. Steeper slope = lower R. For metals, lower R means lower Temperature. So T1 < T2. [cite: 1542]","I-V ग्राफ का ढलान 1/R होता है। धातु के लिए, कम R का अर्थ कम तापमान है। इसलिए T1 < T2. [cite: 1542]","Science","1","0.33"
"If 2 A of current is flowing in a conductor from a battery of 5V, then the resistance of the conductor is:","5 वोल्ट की बैटरी से यदि किसी चालक में 2A की धारा प्रवाहित होती है, तो चालक का प्रतिरोध होगा :","2 Ohm","2.5 Ohm","0.4 Ohm","10 Ohm","2 ओम","2.5 ओम","0.4 ओम","10 ओम","1","According to Ohm's Law, R = V/I = 5 / 2 = 2.5 Ohm. [cite: 1569]","ओम के नियम के अनुसार, R = V/I = 5 / 2 = 2.5 ओम। [cite: 1569]","Science","1","0.33"
"The law of reflection, 'Angle of incidence is equal to the angle of reflection', is true for reflection of a ray of light on -","परावर्तन का नियम, 'आपतन कोण, परावर्तन कोण के बराबर होता है' प्रकाश की एक किरण के परावर्तन के लिये सही है","Plane surface only","Concave surface only","Convex surface only","All of these","केवल समतल सतह के लिये","केवल अवतल सतह के लिये","केवल उत्तल सतह के लिये","ये सभी","3","The laws of reflection apply universally to all types of reflecting surfaces, whether plane or curved. [cite: 1584]","परावर्तन के नियम सभी प्रकार की परावर्तक सतहों पर सार्वभौमिक रूप से लागू होते हैं, चाहे वे समतल हों या घुमावदार। [cite: 1584]","Science","1","0.33"
"Which of the following cells can not produce continuous and constant current for a longer time ?","निम्न सैलों में से किस सेल से निरन्तर व नियत धारा लम्बे समय के लिये प्राप्त नहीं की जा सकती है ?","Lead accumulator cell","Edison's cell","Daniel cell","Lechlanche cell","सीसा संचायक सेल","एडीसन सेल","डेनियल सेल","लैक्लांशे सेल","3","Leclanche cell uses a paste that polarizes quickly, meaning it cannot supply continuous steady current. [cite: 1596]","लैक्लांशे सेल एक ऐसे पेस्ट का उपयोग करता है जो जल्दी से ध्रुवीकृत हो जाता है, इसलिए यह निरंतर स्थिर धारा नहीं दे सकता। [cite: 1596]","Science","1","0.33"
"A lens behaves as diverging lens in air (μ=1) and converging lens in water (μ=1.3). The refractive index (μ) of the material of the lens is","एक लैन्स वायु (μ=1) में अपसारी लैन्स एवं पानी (μ=1.3) में अभिसारी लैन्स के समान व्यवहार करता है। लैन्स के पदार्थ का अपवर्तनांक (μ) है :","1.0<μ<1.3","μ>1.3","μ<1.0","μ=(1.0+1.3)/2","1.0<μ<1.3","μ>1.3","μ<1.0","μ=(1.0+1.3)/2","0","For the nature to reverse in water, the refractive index of the lens must be between that of air (1.0) and water (1.3). [cite: 1611]","पानी में प्रकृति उलटने के लिए, लेंस का अपवर्तनांक हवा (1.0) और पानी (1.3) के बीच होना चाहिए। [cite: 1611]","Science","1","0.33"
"Which is an example of physical change ?","निम्न में से कौनसा भौतिक परिवर्तन का उदाहरण है?","Metal rusting","Silver tarnishing","Water boiling","Paper burning","जंग लगना","चाँदी का काला होना","पानी का उबलना","कागज का जलना","2","Water boiling is a physical change as no new chemical substance is formed; it merely changes state. [cite: 1622]","पानी का उबलना एक भौतिक परिवर्तन है क्योंकि इसमें कोई नया रासायनिक पदार्थ नहीं बनता है; यह केवल अवस्था बदलता है। [cite: 1622]","Science","1","0.33"
"In the reaction KMnO4 + H2C2O4 + ...... -> MnO2 + CO2 + ........., equivalent weight of KMnO4 is 52.66, then molecular weight of KMnO4 is","अभिक्रिया KMnO4 + H2C2O4 + ..... -> MnO2 + CO2 + .............. के संदर्भ में KMnO4 का तुल्यांकी भार 52.66 हो तो KMnO4 का अणुभार है -","158.04","52.66","31.6","263.30","158.04","52.66","31.6","263.30","0","Mn goes from +7 to +4 (valency factor = 3). Molecular weight = Equivalent weight * 3 = 52.66 * 3 = 157.98. [cite: 1634]","Mn का ऑक्सीकरण अंक +7 से +4 हो जाता है (संयोजकता कारक = 3)। अणुभार = तुल्यांकी भार * 3 = 52.66 * 3 = 157.98. [cite: 1634]","Science","1","0.33"
"______ is an Indian software application developed by ISRO to explore 2D/3D representation of earth surface.","पृथ्वी की सतह के 2D/3D चित्रण/निरूपण का पता लगाने के लिए इसरो द्वारा विकसित एक भारतीय सॉफ्टवेयर एप्लीकेशन है।","Bhuvan","Bhumi","Bhuyaan","Bhudev","भुवन","भूमि","भुयान","भूदेव","0","Bhuvan is a software application which allows users to explore a 2D/3D representation of the surface of the Earth.","भुवन एक सॉफ्टवेयर एप्लीकेशन है जो उपयोगकर्ताओं को पृथ्वी की सतह के 2D/3D चित्रण का पता लगाने की अनुमति देता है।","Science/IT","1","0.33"
"India's first super computer PARAM 8000 launched in year ________.","भारत के प्रथम सुपर कम्प्यूटर परम 8000 का शुभारंभ वर्ष _____ में किया गया ।","1990","1991","1989","1992","1990","1991","1989","1992","1","PARAM 8000 is India's first supercomputer, developed by C-DAC in 1991.","परम 8000 भारत का पहला सुपरकंप्यूटर है, जिसे 1991 में C-DAC द्वारा विकसित किया गया था।","Science/IT","1","0.33"
"________ is the first robot with Artificial Intelligence to fly in space.","कृत्रिम बुद्धि (आर्टिफिसियल इंटेलिजेंस) के साथ अंतरिक्ष में उड़ने वाला पहला रोबोट है।","CIMON","Valkyrie R5","Robonaut","Spidernaut","साइमन","वाल्क्यरिए आर5","रोबोनॉट","स्पाइडरनॉट","0","CIMON (Crew Interactive Mobile Companion) is the first AI-based robotic assistant in space.","साइमन (CIMON) अंतरिक्ष में पहला कृत्रिम बुद्धिमत्ता (AI) आधारित रोबोटिक सहायक है।","Science/IT","1","0.33"
"Which of the following contains the genetic material of a cell?","निम्न में से किसमें कोशिका का आनुवंशिक पदार्थ पाया जाता है?","Ribosome","Lysosome","Nucleus","Golgi body","राइबोसोम","लाइसोसोम","केन्द्रक","गॉल्जीकाय","2","The nucleus contains DNA, which is the genetic material of the cell.","केन्द्रक (न्यूक्लियस) में डीएनए होता है, जो कोशिका का आनुवंशिक पदार्थ है।","Science","1","0.33"
"Which of the following is a greenhouse gas?","निम्न में से कौनसी ग्रीनहाउस गैस है?","Nitrogen","Oxygen","Carbon dioxide","Argon","नाइट्रोजन","ऑक्सीजन","कार्बन डाइऑक्साइड","आर्गन","2","Carbon dioxide is a major greenhouse gas that contributes to global warming.","कार्बन डाइऑक्साइड एक प्रमुख ग्रीनहाउस गैस है जो ग्लोबल वार्मिंग में योगदान देती है।","Science","1","0.33"
"The chemical formula of Plaster of Paris is","प्लास्टर ऑफ पेरिस का रासायनिक सूत्र है","CaSO4.2H2O","CaSO4.1/2H2O","CaCO3","CaCl2","CaSO4.2H2O","CaSO4.1/2H2O","CaCO3","CaCl2","1","Plaster of Paris is calcium sulfate hemihydrate.","प्लास्टर ऑफ पेरिस कैल्शियम सल्फेट हेमीहाइड्रेट है।","Science","1","0.33"
"Who discovered Penicillin?","पेनिसिलिन की खोज किसने की थी?","Louis Pasteur","Alexander Fleming","Edward Jenner","Robert Koch","लुई पाश्चर","एलेक्जेंडर फ्लेमिंग","एडवर्ड जेनर","रॉबर्ट कोच","1","Alexander Fleming discovered penicillin in 1928.","एलेक्जेंडर फ्लेमिंग ने 1928 में पेनिसिलिन की खोज की थी।","Science","1","0.33"
"What is the SI unit of force?","बल का SI मात्रक क्या है?","Joule","Newton","Watt","Pascal","जूल","न्यूटन","वाट","पास्कल","1","The SI unit of force is Newton (N).","बल का SI मात्रक न्यूटन (N) है।","Science","1","0.33"
"Bauxite is an ore of which metal?","बॉक्साइट किस धातु का अयस्क है?","Iron","Aluminium","Copper","Zinc","लोहा","एल्युमिनियम","तांबा","जिंक","1","Bauxite is the primary ore of aluminium.","बॉक्साइट एल्युमिनियम का प्राथमिक अयस्क है।","Science","1","0.33"
"The sound waves having frequency greater than 20,000 Hz are called:","20,000 हर्ट्ज से अधिक आवृत्ति वाली ध्वनि तरंगों को कहा जाता है:","Infrasonic","Audible","Ultrasonic","Supersonic","अपश्रव्य","श्रव्य","पराश्रव्य","सुपरसोनिक","2","Ultrasonic sound waves have a frequency above the human hearing limit (20 kHz).","पराश्रव्य (अल्ट्रासोनिक) ध्वनि तरंगों की आवृत्ति मानव श्रवण सीमा (20 kHz) से अधिक होती है।","Science","1","0.33"
"Which gland is known as the master gland of the human body?","मानव शरीर की किस ग्रंथि को मास्टर ग्रंथि कहा जाता है?","Thyroid","Pituitary","Adrenal","Pancreas","थायरॉइड","पीयूष","एड्रिनल","अग्नाशय","1","The pituitary gland is called the master gland because it controls the functions of many other endocrine glands.","पीयूष ग्रंथि को मास्टर ग्रंथि कहा जाता है क्योंकि यह कई अन्य अंतःस्रावी ग्रंथियों के कार्यों को नियंत्रित करती है।","Science","1","0.33"
"What is the chemical name of Vitamin C?","विटामिन C का रासायनिक नाम क्या है?","Retinol","Ascorbic acid","Calciferol","Thiamine","रेटिनॉल","एस्कॉर्बिक अम्ल","कैल्सीफेरोल","थायमिन","1","Ascorbic acid is the chemical name for Vitamin C.","विटामिन सी का रासायनिक नाम एस्कॉर्बिक एसिड है।","Science","1","0.33"
"Which device is used to measure electric current in a circuit?","परिपथ में विद्युत धारा मापने के लिए किस उपकरण का उपयोग किया जाता है?","Voltmeter","Ammeter","Galvanometer","Potentiometer","वोल्टमीटर","एमीटर","गैल्वेनोमीटर","पोटेंशियोमीटर","1","An ammeter is used to measure the electric current in a circuit in Amperes.","परिपथ में एम्पीयर में विद्युत धारा मापने के लिए एमीटर का उपयोग किया जाता है।","Science","1","0.33"
"Which acid is present in gastric juice of the human stomach?","मानव आमाशय के जठर रस में कौन सा अम्ल मौजूद होता है?","Sulphuric acid","Nitric acid","Hydrochloric acid","Acetic acid","सल्फ्यूरिक अम्ल","नाइट्रिक अम्ल","हाइड्रोक्लोरिक अम्ल","एसिटिक अम्ल","2","Hydrochloric acid (HCl) is secreted in the stomach to aid digestion.","पाचन में सहायता के लिए आमाशय में हाइड्रोक्लोरिक अम्ल (HCl) स्रावित होता है।","Science","1","0.33"
"The filament of an electric bulb is made of which metal?","विद्युत बल्ब का फिलामेंट किस धातु का बना होता है?","Copper","Tungsten","Iron","Nichrome","तांबा","टंगस्टन","लोहा","नाइक्रोम","1","Tungsten is used for bulb filaments because of its high melting point.","टंगस्टन का उपयोग बल्ब फिलामेंट के लिए इसके उच्च गलनांक के कारण किया जाता है।","Science","1","0.33"
"Which part of the human eye acts like a photographic film?","मानव नेत्र का कौन सा भाग एक फोटोग्राफिक फिल्म की तरह कार्य करता है?","Cornea","Iris","Pupil","Retina","कॉर्निया","आइरिस","पुतली","रेटिना","3","The retina acts like a film in a camera, capturing the image formed by the lens.","रेटिना कैमरे में एक फिल्म की तरह काम करता है, जो लेंस द्वारा बनाई गई छवि को कैप्चर करता है।","Science","1","0.33"
"The process of conversion of solid directly into gas is called","ठोस का सीधे गैस में परिवर्तन की प्रक्रिया कहलाती है","Condensation","Evaporation","Sublimation","Melting","संघनन","वाष्पीकरण","ऊर्ध्वपातन","गलनांक","2","Sublimation is the transition of a substance directly from the solid to the gas phase.","ऊर्ध्वपातन (Sublimation) किसी पदार्थ का ठोस से सीधे गैस अवस्था में परिवर्तन है।","Science","1","0.33"
"What is the common name of Sodium Bicarbonate?","सोडियम बाइकार्बोनेट का सामान्य नाम क्या है?","Washing soda","Baking soda","Bleaching powder","Plaster of Paris","धावन सोडा","बेकिंग सोडा","ब्लीचिंग पाउडर","प्लास्टर ऑफ पेरिस","1","Sodium bicarbonate is commonly known as baking soda.","सोडियम बाइकार्बोनेट को आमतौर पर बेकिंग सोडा के रूप में जाना जाता है।","Science","1","0.33"
"Myopia is corrected by using which type of lens?","मायोपिया (निकट दृष्टि दोष) को किस प्रकार के लेंस का उपयोग करके ठीक किया जाता है?","Convex lens","Concave lens","Cylindrical lens","Bifocal lens","उत्तल लेंस","अवतल लेंस","बेलनाकार लेंस","द्विफोकसी लेंस","1","A concave lens is used to correct myopia (short-sightedness).","निकट दृष्टि दोष (मायोपिया) को ठीक करने के लिए अवतल लेंस का उपयोग किया जाता है।","Science","1","0.33"
"In which part of the plant does photosynthesis primarily occur?","पौधे के किस भाग में प्रकाश संश्लेषण मुख्य रूप से होता है?","Roots","Stem","Leaves","Flowers","जड़ें","तना","पत्तियां","फूल","2","Photosynthesis primarily occurs in the leaves due to the presence of chlorophyll.","पत्तियों में क्लोरोफिल की उपस्थिति के कारण मुख्य रूप से प्रकाश संश्लेषण होता है।","Science","1","0.33"